lr,epochs,batch_size,dropout,ood,f1-score
1e-06,100,8,0.3,False,0.6332400308303923
1e-06,50,8, 0.3,True,0.40616033755274256