lr,epochs,batch_size,dropout,ood,f1-score
1e-05,100,8,0.3,False,0.6022967605798664
1e-06,100,8, 0.3,True,0.4431003118503119